epoch,time,train/loss,metrics/accuracy_top1,metrics/accuracy_top5,val/loss,lr/pg0,lr/pg1,lr/pg2
1,114.965,0.7086,0.26667,1,0.74805,6.668e-05,6.668e-05,6.668e-05
2,290.43,0.55191,0.83333,1,0.50635,0.00014805,0.00014805,0.00014805
3,515.266,0.36864,1,1,0.19128,0.000227219,0.000227219,0.000227219
4,724.494,0.18601,1,1,0.04459,0.000304187,0.000304187,0.000304187
